<?xml version="1.0" encoding="UTF-8" ?>
<configuration>

    <!--输出日志格式-->
    <appender name="consoleLog" class="ch.qos.logback.core.ConsoleAppender">
        <layout class="ch.qos.logback.classic.PatternLayout">
            <pattern>
                %black(控制台-) %red(%d{yyyy-MM-dd HH:mm:ss}) %green([%thread]) %highlight(%-5level) %blue(%logger) - %black(%msg%n)
                <!--%d{yyyy-MM-dd HH:mm:ss.SSS} [%thread] %-5level %logger{50} - %msg%n-->
            </pattern>
        </layout>
    </appender>
    <!--只保存info日志-->
    <appender name="fileInfoLog" class="ch.qos.logback.core.rolling.RollingFileAppender">
        <filter class="ch.qos.logback.classic.filter.LevelFilter">
            <level>INFO</level>
            <onMatch>ACCEPT</onMatch>
            <onMismatch>DENY</onMismatch>
        </filter>
        <encoder>
            <pattern>
                <!--%black(控制台-) %red(%d{yyyy-MM-dd HH:mm:ss}) %green([%thread]) %highlight(%-5level) %blue(%logger) - %black(%msg%n)-->
                %d{yyyy-MM-dd HH:mm:ss.SSS} [%thread] %-5level %logger{50} - %msg%n
            </pattern>
        </encoder>
        <!--滚动输出策略-->
        <rollingPolicy class="ch.qos.logback.core.rolling.TimeBasedRollingPolicy">
            <!--路径-->
            <fileNamePattern>./log/info/info.%d.log</fileNamePattern>
        </rollingPolicy>
    </appender>

    <!--&lt;!&ndash;只保存debug日志&ndash;&gt;-->
    <!--<appender name="fileDebugLog" class="ch.qos.logback.core.rolling.RollingFileAppender">-->
        <!--<filter class="ch.qos.logback.classic.filter.LevelFilter">-->
            <!--<level>DEBUG</level>-->
            <!--<onMatch>ACCEPT</onMatch>-->
            <!--<onMismatch>DENY</onMismatch>-->
        <!--</filter>-->
        <!--<encoder>-->
            <!--<pattern>-->
                <!--%d{yyyy-MM-dd HH:mm:ss.SSS} [%thread] %-5level %logger{50} - %msg%n-->
            <!--</pattern>-->
        <!--</encoder>-->
        <!--&lt;!&ndash;滚动输出策略&ndash;&gt;-->
        <!--<rollingPolicy class="ch.qos.logback.core.rolling.TimeBasedRollingPolicy">-->
            <!--&lt;!&ndash;路径&ndash;&gt;-->
            <!--<fileNamePattern>./log/debug/debug.%d.log</fileNamePattern>-->
        <!--</rollingPolicy>-->
    <!--</appender>-->

    <!--只保存warn日志-->
    <appender name="fileWarnLog" class="ch.qos.logback.core.rolling.RollingFileAppender">
        <filter class="ch.qos.logback.classic.filter.LevelFilter">
            <level>WARN</level>
            <onMatch>ACCEPT</onMatch>
            <onMismatch>DENY</onMismatch>
        </filter>
        <encoder>
            <pattern>
                %d{yyyy-MM-dd HH:mm:ss.SSS} [%thread] %-5level %logger{50} - %msg%n
            </pattern>
        </encoder>
        <!--滚动输出策略-->
        <rollingPolicy class="ch.qos.logback.core.rolling.TimeBasedRollingPolicy">
            <!--路径-->
            <fileNamePattern>./log/warn/warn.%d.log</fileNamePattern>
        </rollingPolicy>
    </appender>

    <!--只保存error日志-->
    <appender name="fileErrorLog" class="ch.qos.logback.core.rolling.RollingFileAppender">
        <filter class="ch.qos.logback.classic.filter.ThresholdFilter">
            <level>ERROR</level>
        </filter>
        <encoder>
            <pattern>
                %d{yyyy-MM-dd HH:mm:ss.SSS} [%thread] %-5level %logger{50} - %msg%n
            </pattern>
        </encoder>
        <!--滚动输出策略-->
        <rollingPolicy class="ch.qos.logback.core.rolling.TimeBasedRollingPolicy">
            <!--路径-->
            <fileNamePattern>./log/error/error.%d.log</fileNamePattern>
        </rollingPolicy>
    </appender>

    <root level="info">
        <appender-ref ref="consoleLog"/>
        <appender-ref ref="fileInfoLog"/>
        <appender-ref ref="fileWarnLog"/>
        <appender-ref ref="fileErrorLog"/>
        <!--<appender-ref ref="fileDebugLog"/>-->
    </root>

    <!--<include resource="org/springframework/boot/logging/logback/base.xml" />-->
    <!--<logger name="org.springframework.web" level="INFO"/>-->
    <!--<logger name="org.springboot.sample" level="TRACE" />-->
    <!--<logger name="com.example.demo" level="DEBUG" />-->

</configuration>