<?xml version="1.0" encoding="UTF-8" ?>
<!DOCTYPE mapper PUBLIC "-//mybatis.org//DTD Mapper 3.0//EN" "http://mybatis.org/dtd/mybatis-3-mapper.dtd" >
<mapper namespace="com.elasticsearch.es.mapper.TbProductMapper" >
  <resultMap id="BaseResultMap" type="com.elasticsearch.es.model.TbProduct" >
    <id column="id" property="id" jdbcType="INTEGER" />
    <result column="main_type" property="mainType" jdbcType="VARCHAR" />
    <result column="sub_type" property="subType" jdbcType="VARCHAR" />
    <result column="doc_url" property="docUrl" jdbcType="VARCHAR" />
    <result column="pic_url" property="picUrl" jdbcType="VARCHAR" />
    <result column="name" property="name" jdbcType="VARCHAR" />
    <result column="brand" property="brand" jdbcType="VARCHAR" />
    <result column="model" property="model" jdbcType="VARCHAR" />
    <result column="produce_area" property="produceArea" jdbcType="VARCHAR" />
    <result column="app_scenarios" property="appScenarios" jdbcType="VARCHAR" />
    <result column="price" property="price" jdbcType="VARCHAR" />
    <result column="quality_level" property="qualityLevel" jdbcType="VARCHAR" />
    <result column="company" property="company" jdbcType="VARCHAR" />
    <result column="sale_volume" property="saleVolume" jdbcType="VARCHAR" />
    <result column="stock" property="stock" jdbcType="VARCHAR" />
    <result column="product_time" property="productTime" jdbcType="VARCHAR" />
    <result column="supplier_name" property="supplierName" jdbcType="VARCHAR" />
    <result column="supplier_web" property="supplierWeb" jdbcType="VARCHAR" />
    <result column="update_time" property="updateTime" jdbcType="TIMESTAMP" />
  </resultMap>
  <resultMap id="ResultMapWithBLOBs" type="com.elasticsearch.es.model.TbProductWithBLOBs" extends="BaseResultMap" >
    <result column="specs" property="specs" jdbcType="LONGVARCHAR" />
    <result column="parts" property="parts" jdbcType="LONGVARCHAR" />
    <result column="technical_data" property="technicalData" jdbcType="LONGVARCHAR" />
    <result column="detail_info" property="detailInfo" jdbcType="LONGVARCHAR" />
    <result column="synopsis" property="synopsis" jdbcType="LONGVARCHAR" />
    <result column="trait" property="trait" jdbcType="LONGVARCHAR" />
    <result column="note" property="note" jdbcType="LONGVARCHAR" />
  </resultMap>
  <sql id="Example_Where_Clause" >
    <where >
      <foreach collection="oredCriteria" item="criteria" separator="or" >
        <if test="criteria.valid" >
          <trim prefix="(" suffix=")" prefixOverrides="and" >
            <foreach collection="criteria.criteria" item="criterion" >
              <choose >
                <when test="criterion.noValue" >
                  and ${criterion.condition}
                </when>
                <when test="criterion.singleValue" >
                  and ${criterion.condition} #{criterion.value}
                </when>
                <when test="criterion.betweenValue" >
                  and ${criterion.condition} #{criterion.value} and #{criterion.secondValue}
                </when>
                <when test="criterion.listValue" >
                  and ${criterion.condition}
                  <foreach collection="criterion.value" item="listItem" open="(" close=")" separator="," >
                    #{listItem}
                  </foreach>
                </when>
              </choose>
            </foreach>
          </trim>
        </if>
      </foreach>
    </where>
  </sql>
  <sql id="Update_By_Example_Where_Clause" >
    <where >
      <foreach collection="example.oredCriteria" item="criteria" separator="or" >
        <if test="criteria.valid" >
          <trim prefix="(" suffix=")" prefixOverrides="and" >
            <foreach collection="criteria.criteria" item="criterion" >
              <choose >
                <when test="criterion.noValue" >
                  and ${criterion.condition}
                </when>
                <when test="criterion.singleValue" >
                  and ${criterion.condition} #{criterion.value}
                </when>
                <when test="criterion.betweenValue" >
                  and ${criterion.condition} #{criterion.value} and #{criterion.secondValue}
                </when>
                <when test="criterion.listValue" >
                  and ${criterion.condition}
                  <foreach collection="criterion.value" item="listItem" open="(" close=")" separator="," >
                    #{listItem}
                  </foreach>
                </when>
              </choose>
            </foreach>
          </trim>
        </if>
      </foreach>
    </where>
  </sql>
  <sql id="Base_Column_List" >
    id, main_type, sub_type, doc_url, pic_url, name, brand, model, produce_area, app_scenarios, 
    price, quality_level, company, sale_volume, stock, product_time, supplier_name, supplier_web, 
    update_time
  </sql>
  <sql id="Blob_Column_List" >
    specs, parts, technical_data, detail_info, synopsis, trait, note
  </sql>
  <select id="selectByExampleWithBLOBs" resultMap="ResultMapWithBLOBs" parameterType="com.elasticsearch.es.model.TbProductExample" >
    select
    <if test="distinct" >
      distinct
    </if>
    <include refid="Base_Column_List" />
    ,
    <include refid="Blob_Column_List" />
    from tb_product
    <if test="_parameter != null" >
      <include refid="Example_Where_Clause" />
    </if>
    <if test="orderByClause != null" >
      order by ${orderByClause}
    </if>
  </select>
  <select id="selectByExample" resultMap="BaseResultMap" parameterType="com.elasticsearch.es.model.TbProductExample" >
    select
    <if test="distinct" >
      distinct
    </if>
    <include refid="Base_Column_List" />
    from tb_product
    <if test="_parameter != null" >
      <include refid="Example_Where_Clause" />
    </if>
    <if test="orderByClause != null" >
      order by ${orderByClause}
    </if>
  </select>
  <select id="selectByPrimaryKey" resultMap="ResultMapWithBLOBs" parameterType="java.lang.Integer" >
    select 
    <include refid="Base_Column_List" />
    ,
    <include refid="Blob_Column_List" />
    from tb_product
    where id = #{id,jdbcType=INTEGER}
  </select>
  <delete id="deleteByPrimaryKey" parameterType="java.lang.Integer" >
    delete from tb_product
    where id = #{id,jdbcType=INTEGER}
  </delete>
  <delete id="deleteByExample" parameterType="com.elasticsearch.es.model.TbProductExample" >
    delete from tb_product
    <if test="_parameter != null" >
      <include refid="Example_Where_Clause" />
    </if>
  </delete>
  <insert id="insert" parameterType="com.elasticsearch.es.model.TbProductWithBLOBs" >
    insert into tb_product (id, main_type, sub_type, 
      doc_url, pic_url, name, 
      brand, model, produce_area, 
      app_scenarios, price, quality_level, 
      company, sale_volume, stock, 
      product_time, supplier_name, supplier_web, 
      update_time, specs, parts, 
      technical_data, detail_info, synopsis, 
      trait, note)
    values (#{id,jdbcType=INTEGER}, #{mainType,jdbcType=VARCHAR}, #{subType,jdbcType=VARCHAR}, 
      #{docUrl,jdbcType=VARCHAR}, #{picUrl,jdbcType=VARCHAR}, #{name,jdbcType=VARCHAR}, 
      #{brand,jdbcType=VARCHAR}, #{model,jdbcType=VARCHAR}, #{produceArea,jdbcType=VARCHAR}, 
      #{appScenarios,jdbcType=VARCHAR}, #{price,jdbcType=VARCHAR}, #{qualityLevel,jdbcType=VARCHAR}, 
      #{company,jdbcType=VARCHAR}, #{saleVolume,jdbcType=VARCHAR}, #{stock,jdbcType=VARCHAR}, 
      #{productTime,jdbcType=VARCHAR}, #{supplierName,jdbcType=VARCHAR}, #{supplierWeb,jdbcType=VARCHAR}, 
      #{updateTime,jdbcType=TIMESTAMP}, #{specs,jdbcType=LONGVARCHAR}, #{parts,jdbcType=LONGVARCHAR}, 
      #{technicalData,jdbcType=LONGVARCHAR}, #{detailInfo,jdbcType=LONGVARCHAR}, #{synopsis,jdbcType=LONGVARCHAR}, 
      #{trait,jdbcType=LONGVARCHAR}, #{note,jdbcType=LONGVARCHAR})
  </insert>
  <insert id="insertSelective" parameterType="com.elasticsearch.es.model.TbProductWithBLOBs" >
    insert into tb_product
    <trim prefix="(" suffix=")" suffixOverrides="," >
      <if test="id != null" >
        id,
      </if>
      <if test="mainType != null" >
        main_type,
      </if>
      <if test="subType != null" >
        sub_type,
      </if>
      <if test="docUrl != null" >
        doc_url,
      </if>
      <if test="picUrl != null" >
        pic_url,
      </if>
      <if test="name != null" >
        name,
      </if>
      <if test="brand != null" >
        brand,
      </if>
      <if test="model != null" >
        model,
      </if>
      <if test="produceArea != null" >
        produce_area,
      </if>
      <if test="appScenarios != null" >
        app_scenarios,
      </if>
      <if test="price != null" >
        price,
      </if>
      <if test="qualityLevel != null" >
        quality_level,
      </if>
      <if test="company != null" >
        company,
      </if>
      <if test="saleVolume != null" >
        sale_volume,
      </if>
      <if test="stock != null" >
        stock,
      </if>
      <if test="productTime != null" >
        product_time,
      </if>
      <if test="supplierName != null" >
        supplier_name,
      </if>
      <if test="supplierWeb != null" >
        supplier_web,
      </if>
      <if test="updateTime != null" >
        update_time,
      </if>
      <if test="specs != null" >
        specs,
      </if>
      <if test="parts != null" >
        parts,
      </if>
      <if test="technicalData != null" >
        technical_data,
      </if>
      <if test="detailInfo != null" >
        detail_info,
      </if>
      <if test="synopsis != null" >
        synopsis,
      </if>
      <if test="trait != null" >
        trait,
      </if>
      <if test="note != null" >
        note,
      </if>
    </trim>
    <trim prefix="values (" suffix=")" suffixOverrides="," >
      <if test="id != null" >
        #{id,jdbcType=INTEGER},
      </if>
      <if test="mainType != null" >
        #{mainType,jdbcType=VARCHAR},
      </if>
      <if test="subType != null" >
        #{subType,jdbcType=VARCHAR},
      </if>
      <if test="docUrl != null" >
        #{docUrl,jdbcType=VARCHAR},
      </if>
      <if test="picUrl != null" >
        #{picUrl,jdbcType=VARCHAR},
      </if>
      <if test="name != null" >
        #{name,jdbcType=VARCHAR},
      </if>
      <if test="brand != null" >
        #{brand,jdbcType=VARCHAR},
      </if>
      <if test="model != null" >
        #{model,jdbcType=VARCHAR},
      </if>
      <if test="produceArea != null" >
        #{produceArea,jdbcType=VARCHAR},
      </if>
      <if test="appScenarios != null" >
        #{appScenarios,jdbcType=VARCHAR},
      </if>
      <if test="price != null" >
        #{price,jdbcType=VARCHAR},
      </if>
      <if test="qualityLevel != null" >
        #{qualityLevel,jdbcType=VARCHAR},
      </if>
      <if test="company != null" >
        #{company,jdbcType=VARCHAR},
      </if>
      <if test="saleVolume != null" >
        #{saleVolume,jdbcType=VARCHAR},
      </if>
      <if test="stock != null" >
        #{stock,jdbcType=VARCHAR},
      </if>
      <if test="productTime != null" >
        #{productTime,jdbcType=VARCHAR},
      </if>
      <if test="supplierName != null" >
        #{supplierName,jdbcType=VARCHAR},
      </if>
      <if test="supplierWeb != null" >
        #{supplierWeb,jdbcType=VARCHAR},
      </if>
      <if test="updateTime != null" >
        #{updateTime,jdbcType=TIMESTAMP},
      </if>
      <if test="specs != null" >
        #{specs,jdbcType=LONGVARCHAR},
      </if>
      <if test="parts != null" >
        #{parts,jdbcType=LONGVARCHAR},
      </if>
      <if test="technicalData != null" >
        #{technicalData,jdbcType=LONGVARCHAR},
      </if>
      <if test="detailInfo != null" >
        #{detailInfo,jdbcType=LONGVARCHAR},
      </if>
      <if test="synopsis != null" >
        #{synopsis,jdbcType=LONGVARCHAR},
      </if>
      <if test="trait != null" >
        #{trait,jdbcType=LONGVARCHAR},
      </if>
      <if test="note != null" >
        #{note,jdbcType=LONGVARCHAR},
      </if>
    </trim>
  </insert>
  <select id="countByExample" parameterType="com.elasticsearch.es.model.TbProductExample" resultType="java.lang.Integer" >
    select count(*) from tb_product
    <if test="_parameter != null" >
      <include refid="Example_Where_Clause" />
    </if>
  </select>
  <update id="updateByExampleSelective" parameterType="map" >
    update tb_product
    <set >
      <if test="record.id != null" >
        id = #{record.id,jdbcType=INTEGER},
      </if>
      <if test="record.mainType != null" >
        main_type = #{record.mainType,jdbcType=VARCHAR},
      </if>
      <if test="record.subType != null" >
        sub_type = #{record.subType,jdbcType=VARCHAR},
      </if>
      <if test="record.docUrl != null" >
        doc_url = #{record.docUrl,jdbcType=VARCHAR},
      </if>
      <if test="record.picUrl != null" >
        pic_url = #{record.picUrl,jdbcType=VARCHAR},
      </if>
      <if test="record.name != null" >
        name = #{record.name,jdbcType=VARCHAR},
      </if>
      <if test="record.brand != null" >
        brand = #{record.brand,jdbcType=VARCHAR},
      </if>
      <if test="record.model != null" >
        model = #{record.model,jdbcType=VARCHAR},
      </if>
      <if test="record.produceArea != null" >
        produce_area = #{record.produceArea,jdbcType=VARCHAR},
      </if>
      <if test="record.appScenarios != null" >
        app_scenarios = #{record.appScenarios,jdbcType=VARCHAR},
      </if>
      <if test="record.price != null" >
        price = #{record.price,jdbcType=VARCHAR},
      </if>
      <if test="record.qualityLevel != null" >
        quality_level = #{record.qualityLevel,jdbcType=VARCHAR},
      </if>
      <if test="record.company != null" >
        company = #{record.company,jdbcType=VARCHAR},
      </if>
      <if test="record.saleVolume != null" >
        sale_volume = #{record.saleVolume,jdbcType=VARCHAR},
      </if>
      <if test="record.stock != null" >
        stock = #{record.stock,jdbcType=VARCHAR},
      </if>
      <if test="record.productTime != null" >
        product_time = #{record.productTime,jdbcType=VARCHAR},
      </if>
      <if test="record.supplierName != null" >
        supplier_name = #{record.supplierName,jdbcType=VARCHAR},
      </if>
      <if test="record.supplierWeb != null" >
        supplier_web = #{record.supplierWeb,jdbcType=VARCHAR},
      </if>
      <if test="record.updateTime != null" >
        update_time = #{record.updateTime,jdbcType=TIMESTAMP},
      </if>
      <if test="record.specs != null" >
        specs = #{record.specs,jdbcType=LONGVARCHAR},
      </if>
      <if test="record.parts != null" >
        parts = #{record.parts,jdbcType=LONGVARCHAR},
      </if>
      <if test="record.technicalData != null" >
        technical_data = #{record.technicalData,jdbcType=LONGVARCHAR},
      </if>
      <if test="record.detailInfo != null" >
        detail_info = #{record.detailInfo,jdbcType=LONGVARCHAR},
      </if>
      <if test="record.synopsis != null" >
        synopsis = #{record.synopsis,jdbcType=LONGVARCHAR},
      </if>
      <if test="record.trait != null" >
        trait = #{record.trait,jdbcType=LONGVARCHAR},
      </if>
      <if test="record.note != null" >
        note = #{record.note,jdbcType=LONGVARCHAR},
      </if>
    </set>
    <if test="_parameter != null" >
      <include refid="Update_By_Example_Where_Clause" />
    </if>
  </update>
  <update id="updateByExampleWithBLOBs" parameterType="map" >
    update tb_product
    set id = #{record.id,jdbcType=INTEGER},
      main_type = #{record.mainType,jdbcType=VARCHAR},
      sub_type = #{record.subType,jdbcType=VARCHAR},
      doc_url = #{record.docUrl,jdbcType=VARCHAR},
      pic_url = #{record.picUrl,jdbcType=VARCHAR},
      name = #{record.name,jdbcType=VARCHAR},
      brand = #{record.brand,jdbcType=VARCHAR},
      model = #{record.model,jdbcType=VARCHAR},
      produce_area = #{record.produceArea,jdbcType=VARCHAR},
      app_scenarios = #{record.appScenarios,jdbcType=VARCHAR},
      price = #{record.price,jdbcType=VARCHAR},
      quality_level = #{record.qualityLevel,jdbcType=VARCHAR},
      company = #{record.company,jdbcType=VARCHAR},
      sale_volume = #{record.saleVolume,jdbcType=VARCHAR},
      stock = #{record.stock,jdbcType=VARCHAR},
      product_time = #{record.productTime,jdbcType=VARCHAR},
      supplier_name = #{record.supplierName,jdbcType=VARCHAR},
      supplier_web = #{record.supplierWeb,jdbcType=VARCHAR},
      update_time = #{record.updateTime,jdbcType=TIMESTAMP},
      specs = #{record.specs,jdbcType=LONGVARCHAR},
      parts = #{record.parts,jdbcType=LONGVARCHAR},
      technical_data = #{record.technicalData,jdbcType=LONGVARCHAR},
      detail_info = #{record.detailInfo,jdbcType=LONGVARCHAR},
      synopsis = #{record.synopsis,jdbcType=LONGVARCHAR},
      trait = #{record.trait,jdbcType=LONGVARCHAR},
      note = #{record.note,jdbcType=LONGVARCHAR}
    <if test="_parameter != null" >
      <include refid="Update_By_Example_Where_Clause" />
    </if>
  </update>
  <update id="updateByExample" parameterType="map" >
    update tb_product
    set id = #{record.id,jdbcType=INTEGER},
      main_type = #{record.mainType,jdbcType=VARCHAR},
      sub_type = #{record.subType,jdbcType=VARCHAR},
      doc_url = #{record.docUrl,jdbcType=VARCHAR},
      pic_url = #{record.picUrl,jdbcType=VARCHAR},
      name = #{record.name,jdbcType=VARCHAR},
      brand = #{record.brand,jdbcType=VARCHAR},
      model = #{record.model,jdbcType=VARCHAR},
      produce_area = #{record.produceArea,jdbcType=VARCHAR},
      app_scenarios = #{record.appScenarios,jdbcType=VARCHAR},
      price = #{record.price,jdbcType=VARCHAR},
      quality_level = #{record.qualityLevel,jdbcType=VARCHAR},
      company = #{record.company,jdbcType=VARCHAR},
      sale_volume = #{record.saleVolume,jdbcType=VARCHAR},
      stock = #{record.stock,jdbcType=VARCHAR},
      product_time = #{record.productTime,jdbcType=VARCHAR},
      supplier_name = #{record.supplierName,jdbcType=VARCHAR},
      supplier_web = #{record.supplierWeb,jdbcType=VARCHAR},
      update_time = #{record.updateTime,jdbcType=TIMESTAMP}
    <if test="_parameter != null" >
      <include refid="Update_By_Example_Where_Clause" />
    </if>
  </update>
  <update id="updateByPrimaryKeySelective" parameterType="com.elasticsearch.es.model.TbProductWithBLOBs" >
    update tb_product
    <set >
      <if test="mainType != null" >
        main_type = #{mainType,jdbcType=VARCHAR},
      </if>
      <if test="subType != null" >
        sub_type = #{subType,jdbcType=VARCHAR},
      </if>
      <if test="docUrl != null" >
        doc_url = #{docUrl,jdbcType=VARCHAR},
      </if>
      <if test="picUrl != null" >
        pic_url = #{picUrl,jdbcType=VARCHAR},
      </if>
      <if test="name != null" >
        name = #{name,jdbcType=VARCHAR},
      </if>
      <if test="brand != null" >
        brand = #{brand,jdbcType=VARCHAR},
      </if>
      <if test="model != null" >
        model = #{model,jdbcType=VARCHAR},
      </if>
      <if test="produceArea != null" >
        produce_area = #{produceArea,jdbcType=VARCHAR},
      </if>
      <if test="appScenarios != null" >
        app_scenarios = #{appScenarios,jdbcType=VARCHAR},
      </if>
      <if test="price != null" >
        price = #{price,jdbcType=VARCHAR},
      </if>
      <if test="qualityLevel != null" >
        quality_level = #{qualityLevel,jdbcType=VARCHAR},
      </if>
      <if test="company != null" >
        company = #{company,jdbcType=VARCHAR},
      </if>
      <if test="saleVolume != null" >
        sale_volume = #{saleVolume,jdbcType=VARCHAR},
      </if>
      <if test="stock != null" >
        stock = #{stock,jdbcType=VARCHAR},
      </if>
      <if test="productTime != null" >
        product_time = #{productTime,jdbcType=VARCHAR},
      </if>
      <if test="supplierName != null" >
        supplier_name = #{supplierName,jdbcType=VARCHAR},
      </if>
      <if test="supplierWeb != null" >
        supplier_web = #{supplierWeb,jdbcType=VARCHAR},
      </if>
      <if test="updateTime != null" >
        update_time = #{updateTime,jdbcType=TIMESTAMP},
      </if>
      <if test="specs != null" >
        specs = #{specs,jdbcType=LONGVARCHAR},
      </if>
      <if test="parts != null" >
        parts = #{parts,jdbcType=LONGVARCHAR},
      </if>
      <if test="technicalData != null" >
        technical_data = #{technicalData,jdbcType=LONGVARCHAR},
      </if>
      <if test="detailInfo != null" >
        detail_info = #{detailInfo,jdbcType=LONGVARCHAR},
      </if>
      <if test="synopsis != null" >
        synopsis = #{synopsis,jdbcType=LONGVARCHAR},
      </if>
      <if test="trait != null" >
        trait = #{trait,jdbcType=LONGVARCHAR},
      </if>
      <if test="note != null" >
        note = #{note,jdbcType=LONGVARCHAR},
      </if>
    </set>
    where id = #{id,jdbcType=INTEGER}
  </update>
  <update id="updateByPrimaryKeyWithBLOBs" parameterType="com.elasticsearch.es.model.TbProductWithBLOBs" >
    update tb_product
    set main_type = #{mainType,jdbcType=VARCHAR},
      sub_type = #{subType,jdbcType=VARCHAR},
      doc_url = #{docUrl,jdbcType=VARCHAR},
      pic_url = #{picUrl,jdbcType=VARCHAR},
      name = #{name,jdbcType=VARCHAR},
      brand = #{brand,jdbcType=VARCHAR},
      model = #{model,jdbcType=VARCHAR},
      produce_area = #{produceArea,jdbcType=VARCHAR},
      app_scenarios = #{appScenarios,jdbcType=VARCHAR},
      price = #{price,jdbcType=VARCHAR},
      quality_level = #{qualityLevel,jdbcType=VARCHAR},
      company = #{company,jdbcType=VARCHAR},
      sale_volume = #{saleVolume,jdbcType=VARCHAR},
      stock = #{stock,jdbcType=VARCHAR},
      product_time = #{productTime,jdbcType=VARCHAR},
      supplier_name = #{supplierName,jdbcType=VARCHAR},
      supplier_web = #{supplierWeb,jdbcType=VARCHAR},
      update_time = #{updateTime,jdbcType=TIMESTAMP},
      specs = #{specs,jdbcType=LONGVARCHAR},
      parts = #{parts,jdbcType=LONGVARCHAR},
      technical_data = #{technicalData,jdbcType=LONGVARCHAR},
      detail_info = #{detailInfo,jdbcType=LONGVARCHAR},
      synopsis = #{synopsis,jdbcType=LONGVARCHAR},
      trait = #{trait,jdbcType=LONGVARCHAR},
      note = #{note,jdbcType=LONGVARCHAR}
    where id = #{id,jdbcType=INTEGER}
  </update>
  <update id="updateByPrimaryKey" parameterType="com.elasticsearch.es.model.TbProduct" >
    update tb_product
    set main_type = #{mainType,jdbcType=VARCHAR},
      sub_type = #{subType,jdbcType=VARCHAR},
      doc_url = #{docUrl,jdbcType=VARCHAR},
      pic_url = #{picUrl,jdbcType=VARCHAR},
      name = #{name,jdbcType=VARCHAR},
      brand = #{brand,jdbcType=VARCHAR},
      model = #{model,jdbcType=VARCHAR},
      produce_area = #{produceArea,jdbcType=VARCHAR},
      app_scenarios = #{appScenarios,jdbcType=VARCHAR},
      price = #{price,jdbcType=VARCHAR},
      quality_level = #{qualityLevel,jdbcType=VARCHAR},
      company = #{company,jdbcType=VARCHAR},
      sale_volume = #{saleVolume,jdbcType=VARCHAR},
      stock = #{stock,jdbcType=VARCHAR},
      product_time = #{productTime,jdbcType=VARCHAR},
      supplier_name = #{supplierName,jdbcType=VARCHAR},
      supplier_web = #{supplierWeb,jdbcType=VARCHAR},
      update_time = #{updateTime,jdbcType=TIMESTAMP}
    where id = #{id,jdbcType=INTEGER}
  </update>
</mapper>