<?xml version="1.0" encoding="UTF-8" ?>
<!DOCTYPE mapper PUBLIC "-//mybatis.org//DTD Mapper 3.0//EN" "http://mybatis.org/dtd/mybatis-3-mapper.dtd" >
<mapper namespace="com.example.demo.mapper.SysLogInfoMapper" >
  <resultMap id="BaseResultMap" type="com.example.demo.model.SysLogInfo" >
    <id column="id" property="id" jdbcType="INTEGER" />
    <result column="user_id" property="userId" jdbcType="INTEGER" />
    <result column="user_name" property="userName" jdbcType="VARCHAR" />
    <result column="log_type" property="logType" jdbcType="INTEGER" />
    <result column="http_type" property="httpType" jdbcType="VARCHAR" />
    <result column="request_url" property="requestUrl" jdbcType="VARCHAR" />
    <result column="url_remark" property="urlRemark" jdbcType="VARCHAR" />
    <result column="request_ip" property="requestIp" jdbcType="VARCHAR" />
    <result column="request_method" property="requestMethod" jdbcType="VARCHAR" />
    <result column="request_bean_name" property="requestBeanName" jdbcType="VARCHAR" />
    <result column="request_return_status" property="requestReturnStatus" jdbcType="INTEGER" />
    <result column="request_time" property="requestTime" jdbcType="INTEGER" />
    <result column="create_time" property="createTime" jdbcType="TIMESTAMP" />
  </resultMap>
  <resultMap id="ResultMapWithBLOBs" type="com.example.demo.model.SysLogInfoWithBLOBs" extends="BaseResultMap" >
    <result column="request_param" property="requestParam" jdbcType="LONGVARCHAR" />
    <result column="request_return_value" property="requestReturnValue" jdbcType="LONGVARCHAR" />
  </resultMap>
  <sql id="Example_Where_Clause" >
    <where >
      <foreach collection="oredCriteria" item="criteria" separator="or" >
        <if test="criteria.valid" >
          <trim prefix="(" suffix=")" prefixOverrides="and" >
            <foreach collection="criteria.criteria" item="criterion" >
              <choose >
                <when test="criterion.noValue" >
                  and ${criterion.condition}
                </when>
                <when test="criterion.singleValue" >
                  and ${criterion.condition} #{criterion.value}
                </when>
                <when test="criterion.betweenValue" >
                  and ${criterion.condition} #{criterion.value} and #{criterion.secondValue}
                </when>
                <when test="criterion.listValue" >
                  and ${criterion.condition}
                  <foreach collection="criterion.value" item="listItem" open="(" close=")" separator="," >
                    #{listItem}
                  </foreach>
                </when>
              </choose>
            </foreach>
          </trim>
        </if>
      </foreach>
    </where>
  </sql>
  <sql id="Update_By_Example_Where_Clause" >
    <where >
      <foreach collection="example.oredCriteria" item="criteria" separator="or" >
        <if test="criteria.valid" >
          <trim prefix="(" suffix=")" prefixOverrides="and" >
            <foreach collection="criteria.criteria" item="criterion" >
              <choose >
                <when test="criterion.noValue" >
                  and ${criterion.condition}
                </when>
                <when test="criterion.singleValue" >
                  and ${criterion.condition} #{criterion.value}
                </when>
                <when test="criterion.betweenValue" >
                  and ${criterion.condition} #{criterion.value} and #{criterion.secondValue}
                </when>
                <when test="criterion.listValue" >
                  and ${criterion.condition}
                  <foreach collection="criterion.value" item="listItem" open="(" close=")" separator="," >
                    #{listItem}
                  </foreach>
                </when>
              </choose>
            </foreach>
          </trim>
        </if>
      </foreach>
    </where>
  </sql>
  <sql id="Base_Column_List" >
    id, user_id, user_name, log_type, http_type, request_url, url_remark, request_ip, 
    request_method, request_bean_name, request_return_status, request_time, create_time
  </sql>
  <sql id="Blob_Column_List" >
    request_param, request_return_value
  </sql>
  <select id="selectByExampleWithBLOBs" resultMap="ResultMapWithBLOBs" parameterType="com.example.demo.model.SysLogInfoExample" >
    select
    <if test="distinct" >
      distinct
    </if>
    <include refid="Base_Column_List" />
    ,
    <include refid="Blob_Column_List" />
    from sys_log_info
    <if test="_parameter != null" >
      <include refid="Example_Where_Clause" />
    </if>
    <if test="orderByClause != null" >
      order by ${orderByClause}
    </if>
  </select>
  <select id="selectByExample" resultMap="BaseResultMap" parameterType="com.example.demo.model.SysLogInfoExample" >
    select
    <if test="distinct" >
      distinct
    </if>
    <include refid="Base_Column_List" />
    from sys_log_info
    <if test="_parameter != null" >
      <include refid="Example_Where_Clause" />
    </if>
    <if test="orderByClause != null" >
      order by ${orderByClause}
    </if>
  </select>
  <select id="selectByPrimaryKey" resultMap="ResultMapWithBLOBs" parameterType="java.lang.Integer" >
    select 
    <include refid="Base_Column_List" />
    ,
    <include refid="Blob_Column_List" />
    from sys_log_info
    where id = #{id,jdbcType=INTEGER}
  </select>
  <delete id="deleteByPrimaryKey" parameterType="java.lang.Integer" >
    delete from sys_log_info
    where id = #{id,jdbcType=INTEGER}
  </delete>
  <delete id="deleteByExample" parameterType="com.example.demo.model.SysLogInfoExample" >
    delete from sys_log_info
    <if test="_parameter != null" >
      <include refid="Example_Where_Clause" />
    </if>
  </delete>
  <insert id="insert" parameterType="com.example.demo.model.SysLogInfoWithBLOBs" >
    insert into sys_log_info (id, user_id, user_name, 
      log_type, http_type, request_url, 
      url_remark, request_ip, request_method, 
      request_bean_name, request_return_status, request_time, 
      create_time, request_param, request_return_value
      )
    values (#{id,jdbcType=INTEGER}, #{userId,jdbcType=INTEGER}, #{userName,jdbcType=VARCHAR}, 
      #{logType,jdbcType=INTEGER}, #{httpType,jdbcType=VARCHAR}, #{requestUrl,jdbcType=VARCHAR}, 
      #{urlRemark,jdbcType=VARCHAR}, #{requestIp,jdbcType=VARCHAR}, #{requestMethod,jdbcType=VARCHAR}, 
      #{requestBeanName,jdbcType=VARCHAR}, #{requestReturnStatus,jdbcType=INTEGER}, #{requestTime,jdbcType=INTEGER}, 
      #{createTime,jdbcType=TIMESTAMP}, #{requestParam,jdbcType=LONGVARCHAR}, #{requestReturnValue,jdbcType=LONGVARCHAR}
      )
  </insert>
  <insert id="insertSelective" useGeneratedKeys="true" parameterType="com.example.demo.model.SysLogInfoWithBLOBs" keyProperty="id" keyColumn="id">

    insert into sys_log_info
    <trim prefix="(" suffix=")" suffixOverrides="," >
      <if test="id != null" >
        id,
      </if>
      <if test="userId != null" >
        user_id,
      </if>
      <if test="userName != null" >
        user_name,
      </if>
      <if test="logType != null" >
        log_type,
      </if>
      <if test="httpType != null" >
        http_type,
      </if>
      <if test="requestUrl != null" >
        request_url,
      </if>
      <if test="urlRemark != null" >
        url_remark,
      </if>
      <if test="requestIp != null" >
        request_ip,
      </if>
      <if test="requestMethod != null" >
        request_method,
      </if>
      <if test="requestBeanName != null" >
        request_bean_name,
      </if>
      <if test="requestReturnStatus != null" >
        request_return_status,
      </if>
      <if test="requestTime != null" >
        request_time,
      </if>
      <if test="createTime != null" >
        create_time,
      </if>
      <if test="requestParam != null" >
        request_param,
      </if>
      <if test="requestReturnValue != null" >
        request_return_value,
      </if>
    </trim>
    <trim prefix="values (" suffix=")" suffixOverrides="," >
      <if test="id != null" >
        #{id,jdbcType=INTEGER},
      </if>
      <if test="userId != null" >
        #{userId,jdbcType=INTEGER},
      </if>
      <if test="userName != null" >
        #{userName,jdbcType=VARCHAR},
      </if>
      <if test="logType != null" >
        #{logType,jdbcType=INTEGER},
      </if>
      <if test="httpType != null" >
        #{httpType,jdbcType=VARCHAR},
      </if>
      <if test="requestUrl != null" >
        #{requestUrl,jdbcType=VARCHAR},
      </if>
      <if test="urlRemark != null" >
        #{urlRemark,jdbcType=VARCHAR},
      </if>
      <if test="requestIp != null" >
        #{requestIp,jdbcType=VARCHAR},
      </if>
      <if test="requestMethod != null" >
        #{requestMethod,jdbcType=VARCHAR},
      </if>
      <if test="requestBeanName != null" >
        #{requestBeanName,jdbcType=VARCHAR},
      </if>
      <if test="requestReturnStatus != null" >
        #{requestReturnStatus,jdbcType=INTEGER},
      </if>
      <if test="requestTime != null" >
        #{requestTime,jdbcType=INTEGER},
      </if>
      <if test="createTime != null" >
        #{createTime,jdbcType=TIMESTAMP},
      </if>
      <if test="requestParam != null" >
        #{requestParam,jdbcType=LONGVARCHAR},
      </if>
      <if test="requestReturnValue != null" >
        #{requestReturnValue,jdbcType=LONGVARCHAR},
      </if>
    </trim>
  </insert>
  <select id="countByExample" parameterType="com.example.demo.model.SysLogInfoExample" resultType="java.lang.Integer" >
    select count(*) from sys_log_info
    <if test="_parameter != null" >
      <include refid="Example_Where_Clause" />
    </if>
  </select>
  <update id="updateByExampleSelective" parameterType="map" >
    update sys_log_info
    <set >
      <if test="record.id != null" >
        id = #{record.id,jdbcType=INTEGER},
      </if>
      <if test="record.userId != null" >
        user_id = #{record.userId,jdbcType=INTEGER},
      </if>
      <if test="record.userName != null" >
        user_name = #{record.userName,jdbcType=VARCHAR},
      </if>
      <if test="record.logType != null" >
        log_type = #{record.logType,jdbcType=INTEGER},
      </if>
      <if test="record.httpType != null" >
        http_type = #{record.httpType,jdbcType=VARCHAR},
      </if>
      <if test="record.requestUrl != null" >
        request_url = #{record.requestUrl,jdbcType=VARCHAR},
      </if>
      <if test="record.urlRemark != null" >
        url_remark = #{record.urlRemark,jdbcType=VARCHAR},
      </if>
      <if test="record.requestIp != null" >
        request_ip = #{record.requestIp,jdbcType=VARCHAR},
      </if>
      <if test="record.requestMethod != null" >
        request_method = #{record.requestMethod,jdbcType=VARCHAR},
      </if>
      <if test="record.requestBeanName != null" >
        request_bean_name = #{record.requestBeanName,jdbcType=VARCHAR},
      </if>
      <if test="record.requestReturnStatus != null" >
        request_return_status = #{record.requestReturnStatus,jdbcType=INTEGER},
      </if>
      <if test="record.requestTime != null" >
        request_time = #{record.requestTime,jdbcType=INTEGER},
      </if>
      <if test="record.createTime != null" >
        create_time = #{record.createTime,jdbcType=TIMESTAMP},
      </if>
      <if test="record.requestParam != null" >
        request_param = #{record.requestParam,jdbcType=LONGVARCHAR},
      </if>
      <if test="record.requestReturnValue != null" >
        request_return_value = #{record.requestReturnValue,jdbcType=LONGVARCHAR},
      </if>
    </set>
    <if test="_parameter != null" >
      <include refid="Update_By_Example_Where_Clause" />
    </if>
  </update>
  <update id="updateByExampleWithBLOBs" parameterType="map" >
    update sys_log_info
    set id = #{record.id,jdbcType=INTEGER},
      user_id = #{record.userId,jdbcType=INTEGER},
      user_name = #{record.userName,jdbcType=VARCHAR},
      log_type = #{record.logType,jdbcType=INTEGER},
      http_type = #{record.httpType,jdbcType=VARCHAR},
      request_url = #{record.requestUrl,jdbcType=VARCHAR},
      url_remark = #{record.urlRemark,jdbcType=VARCHAR},
      request_ip = #{record.requestIp,jdbcType=VARCHAR},
      request_method = #{record.requestMethod,jdbcType=VARCHAR},
      request_bean_name = #{record.requestBeanName,jdbcType=VARCHAR},
      request_return_status = #{record.requestReturnStatus,jdbcType=INTEGER},
      request_time = #{record.requestTime,jdbcType=INTEGER},
      create_time = #{record.createTime,jdbcType=TIMESTAMP},
      request_param = #{record.requestParam,jdbcType=LONGVARCHAR},
      request_return_value = #{record.requestReturnValue,jdbcType=LONGVARCHAR}
    <if test="_parameter != null" >
      <include refid="Update_By_Example_Where_Clause" />
    </if>
  </update>
  <update id="updateByExample" parameterType="map" >
    update sys_log_info
    set id = #{record.id,jdbcType=INTEGER},
      user_id = #{record.userId,jdbcType=INTEGER},
      user_name = #{record.userName,jdbcType=VARCHAR},
      log_type = #{record.logType,jdbcType=INTEGER},
      http_type = #{record.httpType,jdbcType=VARCHAR},
      request_url = #{record.requestUrl,jdbcType=VARCHAR},
      url_remark = #{record.urlRemark,jdbcType=VARCHAR},
      request_ip = #{record.requestIp,jdbcType=VARCHAR},
      request_method = #{record.requestMethod,jdbcType=VARCHAR},
      request_bean_name = #{record.requestBeanName,jdbcType=VARCHAR},
      request_return_status = #{record.requestReturnStatus,jdbcType=INTEGER},
      request_time = #{record.requestTime,jdbcType=INTEGER},
      create_time = #{record.createTime,jdbcType=TIMESTAMP}
    <if test="_parameter != null" >
      <include refid="Update_By_Example_Where_Clause" />
    </if>
  </update>
  <update id="updateByPrimaryKeySelective" parameterType="com.example.demo.model.SysLogInfoWithBLOBs" >
    update sys_log_info
    <set >
      <if test="userId != null" >
        user_id = #{userId,jdbcType=INTEGER},
      </if>
      <if test="userName != null" >
        user_name = #{userName,jdbcType=VARCHAR},
      </if>
      <if test="logType != null" >
        log_type = #{logType,jdbcType=INTEGER},
      </if>
      <if test="httpType != null" >
        http_type = #{httpType,jdbcType=VARCHAR},
      </if>
      <if test="requestUrl != null" >
        request_url = #{requestUrl,jdbcType=VARCHAR},
      </if>
      <if test="urlRemark != null" >
        url_remark = #{urlRemark,jdbcType=VARCHAR},
      </if>
      <if test="requestIp != null" >
        request_ip = #{requestIp,jdbcType=VARCHAR},
      </if>
      <if test="requestMethod != null" >
        request_method = #{requestMethod,jdbcType=VARCHAR},
      </if>
      <if test="requestBeanName != null" >
        request_bean_name = #{requestBeanName,jdbcType=VARCHAR},
      </if>
      <if test="requestReturnStatus != null" >
        request_return_status = #{requestReturnStatus,jdbcType=INTEGER},
      </if>
      <if test="requestTime != null" >
        request_time = #{requestTime,jdbcType=INTEGER},
      </if>
      <if test="createTime != null" >
        create_time = #{createTime,jdbcType=TIMESTAMP},
      </if>
      <if test="requestParam != null" >
        request_param = #{requestParam,jdbcType=LONGVARCHAR},
      </if>
      <if test="requestReturnValue != null" >
        request_return_value = #{requestReturnValue,jdbcType=LONGVARCHAR},
      </if>
    </set>
    where id = #{id,jdbcType=INTEGER}
  </update>
  <update id="updateByPrimaryKeyWithBLOBs" parameterType="com.example.demo.model.SysLogInfoWithBLOBs" >
    update sys_log_info
    set user_id = #{userId,jdbcType=INTEGER},
      user_name = #{userName,jdbcType=VARCHAR},
      log_type = #{logType,jdbcType=INTEGER},
      http_type = #{httpType,jdbcType=VARCHAR},
      request_url = #{requestUrl,jdbcType=VARCHAR},
      url_remark = #{urlRemark,jdbcType=VARCHAR},
      request_ip = #{requestIp,jdbcType=VARCHAR},
      request_method = #{requestMethod,jdbcType=VARCHAR},
      request_bean_name = #{requestBeanName,jdbcType=VARCHAR},
      request_return_status = #{requestReturnStatus,jdbcType=INTEGER},
      request_time = #{requestTime,jdbcType=INTEGER},
      create_time = #{createTime,jdbcType=TIMESTAMP},
      request_param = #{requestParam,jdbcType=LONGVARCHAR},
      request_return_value = #{requestReturnValue,jdbcType=LONGVARCHAR}
    where id = #{id,jdbcType=INTEGER}
  </update>
  <update id="updateByPrimaryKey" parameterType="com.example.demo.model.SysLogInfo" >
    update sys_log_info
    set user_id = #{userId,jdbcType=INTEGER},
      user_name = #{userName,jdbcType=VARCHAR},
      log_type = #{logType,jdbcType=INTEGER},
      http_type = #{httpType,jdbcType=VARCHAR},
      request_url = #{requestUrl,jdbcType=VARCHAR},
      url_remark = #{urlRemark,jdbcType=VARCHAR},
      request_ip = #{requestIp,jdbcType=VARCHAR},
      request_method = #{requestMethod,jdbcType=VARCHAR},
      request_bean_name = #{requestBeanName,jdbcType=VARCHAR},
      request_return_status = #{requestReturnStatus,jdbcType=INTEGER},
      request_time = #{requestTime,jdbcType=INTEGER},
      create_time = #{createTime,jdbcType=TIMESTAMP}
    where id = #{id,jdbcType=INTEGER}
  </update>
</mapper>