<?xml version="1.0" encoding="UTF-8" ?>
<!DOCTYPE mapper PUBLIC "-//mybatis.org//DTD Mapper 3.0//EN" "http://mybatis.org/dtd/mybatis-3-mapper.dtd" >
<mapper namespace="com.example.demo.mapper.UserMapper" >
  <resultMap id="queryMap" type="User">
    <id column="id" property="id" jdbcType="INTEGER"/>
    <result column="name" property="name" jdbcType="VARCHAR"/>

    <collection property="hobbys" javaType="java.util.List" ofType="UserHobby">
      <result column="hobby" property="hobby" jdbcType="VARCHAR" />
      <result column="describe" property="describe" jdbcType="VARCHAR" />
      <result column="create_time" property="createTime" jdbcType="TIMESTAMP" />
    </collection>
  </resultMap>


  <select id="queryMoreData" resultMap="queryMap">
    SELECT a.id,a.`name`,b.hobby,b.`describe`,b.create_time
    FROM `user` a
    RIGHT JOIN user_hobby b
    on a.id=b.user_id
  </select>

  <select id="findById" parameterType="java.lang.Integer" resultType="com.example.demo.model.User">
    SELECT * FROM user where id=#{id}
  </select>

  <delete id="deleteById" parameterType="java.lang.Integer">
    DELETE FROM user where id=#{id}
  </delete>

  <update id="updateById" parameterType="com.example.demo.model.User" >
    update user
    <set >
      <if test="param.name != null" >
        name = #{param.name,jdbcType=VARCHAR},
      </if>
      <if test="param.sex != null" >
        sex = #{param.sex,jdbcType=VARCHAR},
      </if>
      <if test="param.age != null" >
        age = #{param.age,jdbcType=INTEGER},
      </if>
      <if test="param.city != null" >
        city = #{param.city,jdbcType=VARCHAR},
      </if>
      <if test="param.address != null" >
        address = #{param.address,jdbcType=VARCHAR},
      </if>
      <if test="param.createTime != null" >
        create_time = #{param.createTime,jdbcType=TIMESTAMP},
      </if>
      <if test="param.updateTime != null" >
        update_time = #{param.updateTime,jdbcType=TIMESTAMP},
      </if>
      <if test="param.picUrl != null" >
        pic_url = #{param.picUrl,jdbcType=VARCHAR},
      </if>
      <if test="param.version != null" >
        version=version+1
      </if>
    </set>
    where id = #{param.id,jdbcType=INTEGER}
  </update>

  <insert id="insertData" parameterType="com.example.demo.model.User" >
    insert into user
    <trim prefix="(" suffix=")" suffixOverrides="," >
      <if test="id != null" >
        id,
      </if>
      <if test="name != null" >
        name,
      </if>
      <if test="sex != null" >
        sex,
      </if>
      <if test="age != null" >
        age,
      </if>
      <if test="city != null" >
        city,
      </if>
      <if test="address != null" >
        address,
      </if>
      <if test="createTime != null" >
        create_time,
      </if>
      <if test="updateTime != null" >
        update_time,
      </if>
      <if test="picUrl != null" >
        pic_url,
      </if>
    </trim>
    <trim prefix="values (" suffix=")" suffixOverrides="," >
      <if test="id != null" >
        #{id,jdbcType=INTEGER},
      </if>
      <if test="name != null" >
        #{name,jdbcType=VARCHAR},
      </if>
      <if test="sex != null" >
        #{sex,jdbcType=VARCHAR},
      </if>
      <if test="age != null" >
        #{age,jdbcType=INTEGER},
      </if>
      <if test="city != null" >
        #{city,jdbcType=VARCHAR},
      </if>
      <if test="address != null" >
        #{address,jdbcType=VARCHAR},
      </if>
      <if test="createTime != null" >
        #{createTime,jdbcType=TIMESTAMP},
      </if>
      <if test="updateTime != null" >
        #{updateTime,jdbcType=TIMESTAMP},
      </if>
      <if test="picUrl != null" >
        #{picUrl,jdbcType=VARCHAR},
      </if>
    </trim>
  </insert>

  <select id="findByIdProduct" parameterType="java.lang.Integer" resultType="com.example.demo.model.Product">
    SELECT * FROM product where id=#{id}
  </select>

  <update id="updateByIdProduct" parameterType="com.example.demo.model.Product" >
    update product
    <set >
      <if test="param.name != null" >
        name = #{param.name},
      </if>
      <if test="param.num != null" >
        num = #{param.num},
      </if>
      <if test="param.version != null" >
        version=version+1
      </if>
    </set>
    where id = #{param.id} and version=#{param.version}
  </update>

</mapper>