<?xml version="1.0" encoding="UTF-8"?>
<!DOCTYPE generatorConfiguration
        PUBLIC "-//mybatis.org//DTD MyBatis Generator Configuration 1.0//EN"
        "http://mybatis.org/dtd/mybatis-generator-config_1_0.dtd">
<!-- 配置生成器 -->
<generatorConfiguration>
    <context id="DB2Tables" targetRuntime="MyBatis3">
        <commentGenerator type="com.example.demo.gengerator.MybatisCommentGenerator">
            <property name="suppressDate" value="true"/>
            <property name="addRemarkComments" value="true"/>
            <!-- 是否去除自动生成的注释 true：是 ： false:否 -->
            <property name="suppressAllComments" value="false"/>
            <property name="author" value="Colins"/>
            <property name="dateFormat" value="yyyy/MM/dd"/>
        </commentGenerator>
        <!-- 数据库链接URL，用户名、密码 -->
        <jdbcConnection driverClass="com.mysql.jdbc.Driver"
                        connectionURL="jdbc:mysql://localhost:3306/uwb?serverTimezone=GMT%2B8"
                        userId="root"
                        password="root">
            <!-- 设置 useInformationSchema 属性为 true 用户获取表的注释-->
            <property name="useInformationSchema" value="true" />
        </jdbcConnection>
        <!-- 类型转换 -->
        <javaTypeResolver>
            <!-- 是否使用BigDecimals，false可自动转化以下类型(Long Integer Short等) -->
            <property name="forceBigDecimals" value="false"/>
        </javaTypeResolver>

        <!-- targetProject:生成PO类的位置 -->
        <javaModelGenerator targetPackage="com.example.demo.model"
                            targetProject=".\src\main\java">
            <!-- enableSubPackages:是否让schema作为包的后缀 -->
            <property name="enableSubPackages" value="false" />
            <!-- 从数据库返回的值被清理前后的空格 -->
            <property name="trimStrings" value="true" />
        </javaModelGenerator>
        <!-- targetProject:mapper映射文件生成的位置 -->
        <sqlMapGenerator targetPackage="mybatis.mapper"
                         targetProject=".\src\main\resources">
            <!-- enableSubPackages:是否让schema作为包的后缀 -->
            <property name="enableSubPackages" value="false" />
        </sqlMapGenerator>
        <!-- targetPackage：mapper接口生成的位置 -->
        <javaClientGenerator type="XMLMAPPER"
                             targetPackage="com.example.demo.mapper"
                             targetProject=".\src\main\java">
            <!-- enableSubPackages:是否让schema作为包的后缀 -->
            <property name="enableSubPackages" value="false" />
        </javaClientGenerator>

        <!-- 指定数据库表 -->
        <table schema="" tableName="label_location_info"></table>
    </context>

</generatorConfiguration>
